{"inputs":[["c200000000000000000000000000000000000000000000000000000000000000","c200000000000000000000000000000000000000000000000000000000000000","c200000000000000000000000000000000000000000000000000000000000000","c300000000000000000000000000000000000000000000000000000000000000","c400000000000000000000000000000000000000000000000000000000000000"]],"pretty_elements":{"rescaled_inputs":[["1.515625","1.515625","1.515625","1.5234375","1.53125"]],"inputs":[["0x00000000000000000000000000000000000000000000000000000000000000c2","0x00000000000000000000000000000000000000000000000000000000000000c2","0x00000000000000000000000000000000000000000000000000000000000000c2","0x00000000000000000000000000000000000000000000000000000000000000c3","0x00000000000000000000000000000000000000000000000000000000000000c4"]],"processed_inputs":[],"processed_params":[],"processed_outputs":[],"rescaled_outputs":[["-0.1796875"]],"outputs":[["0x30644e72e131a029b85045b68181585d2833e84879b9709143e1f593efffffea"]]},"outputs":[["eaffffef93f5e1439170b97948e833285d588181b64550b829a031e1724e6430"]],"processed_inputs":null,"processed_params":null,"processed_outputs":null,"max_lookup_inputs":184,"min_lookup_inputs":-108,"max_range_size":128}